Image,Latitude,Longitude,lables,,,
1a.jpg,17.54698,78.15911,WC-S01-R10-PWL-001,,,
2a.jpg,17.547204,78.159406,WC-S01-R10-PWL-002,,,
3a.jpg,17.547367,78.159608,WC-S01-R10-PWL-003,,,
4a.jpg,17.547562,78.159752,WC-S01-R10-PWL-004,,,
5a.jpg,17.547783,78.159885,WC-S01-R10-PWL-005,,,
6a.jpg,17.548044,78.160045,WC-S01-R10-PWL-006,,,
7a.jpg,17.548398,78.160226,WC-S01-R10-PWL-007,,,
8a.jpg,17.548779,78.160396,WC-S01-R10-PWL-008,,,
9a.jpg,17.549108,78.160644,WC-S01-R10-PWL-009,,,
10a.jpg,17.549504,78.16078,WC-S01-R10-PWL-010,,,
11a.jpg,17.549744,78.160882,WC-S01-R10-PNL-11,,,
12a.jpg,17.549852,78.160947,WC-S01-R10-CPT-12,,,
13a.jpg,17.550233,78.161104,WC-S01-R10-PWL-13,,,
14a.jpg,17.550586,78.161327,WC-S01-R10-PWL-14,,,
15a.jpg,17.550944,78.161529,WC-S01-R10-PNL-15,,,
16a.jpg,17.551256,78.161719,WC-S01-R10-PNL-16,,,
17a.jpg,17.551638,78.161928,WC-S01-R10-PWL-17,,,
18a.jpg,17.551811,78.162071,WC-S01-R10-PWL-18,,,
19a.jpg,17.552148,78.162287,WC-S01-R10-PWL-19,,,
20a.jpg,17.552661,78.162635,WC-S01-R10-PWL-20,,,
21a.jpg,17.552881,78.162759,WC-S01-R10-PWL-21,,,
22a.jpg,17.55331,78.163008,WC-S01-R09-PWL-01,,,
23a.jpg,17.553602,78.163089,WC-S01-R09-PWL-02,,,
24a.jpg,17.553836,78.163205,WC-S01-R09-PWL-03,,,
25a.jpg,17.554032,78.163311,WC-S01-R09-PWL-04,,,
26a.jpg,17.554406,78.163461,WC-S01-R09-PNL-05,,,
27a.jpg,17.554387,78.163448,WC-S01-R17-CPM-01,,,
28a.jpg,17.554634,78.163557,WC-S01-R09-PWL-06,,,
29a.jpg,17.554794,78.163643,WC-S01-R09-PWL-07,,,
30a.jpg,17.55496,78.163763,WC-S01-R09-PWL-08,,,
31a.jpg,17.555207,78.163821,WC-S01-R09-PWL-09,,,
32a.jpg,17.555448,78.163986,WC-S01-R09-PWL-10,,,
33a.jpg,17.5555,78.163787,WC-S01-R09-PWL-11,,,
34a.jpg,17.555263,78.163569,WC-S01-R09-PWL-12,,,
35a.jpg,17.555815,78.163669,WC-S01-R09-PWL-13,,,
36a.jpg,17.555919,78.163128,WC-S01-R09-PWL-14,,,
37a.jpg,17.555615,78.164073,WC-S01-R09-PWL-15,,,
38a.jpg,17.55588,78.164181,WC-S01-R09-PWL-16,,,
39a.jpg,17.556106,78.164276,WC-S01-R09-PWL-17,,,
40a.jpg,17.55635,78.164424,WC-S01-R09-PWL-18,,,
41a.jpg,17.556536,78.164504,WC-S01-R09-PWL-19,,,
42a.jpg,17.556761,78.164593,WC-S01-R09-PWL-20,,,
43a.jpg,17.556998,78.16466,WC-S01-R09-PWL-21,,,
44a.jpg,17.557223,78.164779,WC-S01-R09-PWL-22,,,
45a.jpg,17.557441,78.164874,WC-S01-R17-CPM-01,,,
46a.jpg,17.55747,78.164849,WC-S01-R09-PWL-23,,,
47a.jpg,17.55766,78.164903,WC-S01-R09-PWL-24,,,
48a.jpg,17.557928,78.164993,WC-S01-R09-PWL-25,,,
49a.jpg,17.558139,78.165052,WC-S01-R09-PWL-26,,,
50a.jpg,17.558366,78.165148,WC-S01-R09-PWL-27,,,
51a.jpg,17.558494,78.165198,WC-S01-R09-PWL-28,,,
52a.jpg,17.558814,78.165317,WC-S01-R09-PWL-29,,,
53a.jpg,17.559048,78.165401,WC-S01-R09-PWL-30,,,
54a.jpg,17.55902,78.165262,WC-S01-R09-PWL-31,,,
55a.jpg,17.559223,78.165397,WC-S01-R09-CPT-32,,,
56a.jpg,17.559338,78.165256,WC-S01-R09-PNL-33,,,
57a.jpg,17.559515,78.165027,WC-S01-R09-PNL-34,,,
58a.jpg,17.559834,78.164911,WC-S01-R09-PNL-35,,,
59a.jpg,17.553942,78.163392,WC-      -R18-CPM-01,,,
60a.jpg,17.553929,78.163577,WC-      -R18-PWL-02,,,
61a.jpg,17.553796,78.163923,WC-      -R18-PWL-03,,,
62a.jpg,17.55369,78.164177,WC-      -R18-PWL-04,,,
63a.jpg,17.553555,78.164455,WC-      -R18-PWL-05,,,
64a.jpg,17.553512,78.164667,WC-      -R18-PWL-06,,,
65a.jpg,17.55347,78.164878,WC-      -R18-PWL-07,,,
66a.jpg,17.553252,78.165222,WC-      -R18-PWL-08,,,
67a.jpg,17.553377,78.164388,WC-      -R18-PWL-09,,,
68a.jpg,17.552924,78.165046,WC-      -R18-PWL-10,,,
69a.jpg,17.552866,78.164886,WC-      -R18-PWL-11,,,
70a.jpg,17.552937,78.164605,WC-      -R18-PWL-12,,,
71a.jpg,17.553037,78.164298,WC-      -R18-PWL-13,,,
72a.jpg,17.553103,78.164033,WC-      -R18-PWL-14,,,
73a.jpg,17.553195,78.163725,WC-      -R18-PWL-15,,,
74a.jpg,17.553278,78.163487,WC-      -R18-PWL-16,,,
75a.jpg,17.553389,78.163183,WC-      -R18-PWL-17,,,
76a.jpg,17.553716,78.163497,WC-      -R18-PWL-18,,,
77a.jpg,17.553629,78.16371,WC-      -R18-PWL-19,,,
78a.jpg,17.553496,78.164011,WC-      -R18-PWL-20,,,
79a.jpg,17.554173,78.163447,WC-      -R19-PWL-01,,,
80a.jpg,17.55399,78.163847,WC-      -R19-PWL-02,,,
81a.jpg,17.553909,78.164083,WC-      -R19-PWL-03,,,
82a.jpg,17.553812,78.164354,WC-      -R19-PWL-04,,,
83a.jpg,17.553739,78.164508,WC-      -R19-PWL-05,,,
84a.jpg,17.553667,78.164786,WC-      -R19-PWL-06,,,
85a.jpg,17.553575,78.16502,WC-      -R19-PWL-07,,,
86a.jpg,17.55353,78.165146,WC-      -R19-PWL-08,,,
87a.jpg,17.553474,78.165317,WC-      -R20-CPT-01,,,
88a.jpg,17.553699,78.165216,WC-      -R19-PWL-09,,,
89a.jpg,17.553799,78.165019,WC-      -R19-PWL-10,,,
90a.jpg,17.553823,78.164787,WC-      -R19-PWL-11,,,
91a.jpg,17.553926,78.164581,WC-      -R19-PWL-12,,,
92a.jpg,17.55401, ,WC-      -R21-CPT-01,,,
93a.jpg,17.553999,78.164414,WC-      -R19-CPM-13,,,
94a.jpg,17.554212,78.164549,WC-      -R19-PWL-14,,,
95a.jpg,17.554135,78.164894,WC-      -R19-PWL-15,,,
96a.jpg,17.553997,78.165158,WC-      -R19-PWL-16,,,
97a.jpg,17.553994,78.165453,WC-      -R19-PWL-17,,,
98a.jpg,17.554092,78.164178,WC-      -R19-PWL-18,,,
99a.jpg,17.554175,78.163928,WC-      -R19-PWL-19,,,
100a.jpg,17.554256,78.16371,WC-      -R19-PWL-20,,,
101a.jpg,17.554343,78.163518,WC-      -R19-PWL-21,,,
102a.jpg,17.55442,78.163858,WC       -R22-CPM-01,,,
103a.jpg,17.554646,78.163248,WC-S01-R09-PNL-35,,,
104a.jpg,17.555144,78.164133,WC-      -R13-PWL-01,,,
105a.jpg,17.555058,78.164218,WC-      -R13-CPM-02,,,
106a.jpg,17.555492,78.164772,WC-      -R13-PWL-03,,,
107a.jpg,17.555168,78.164666,WC-      -R13-PWL-04,,,
108a.jpg,17.554914,78.164585,WC-      -R13-PWL-05,,,
109a.jpg,17.554885,78.164797,WC-      -R13-PWL-06,,,
110a.jpg,17.55472,78.164809,WC-      -R13-PWL-07,,,
111a.jpg,17.554747,78.165025,WC-      -R13-PWL-08,,,
112a.jpg,17.554713,78.165257,WC-      -R13-PWL-09,,,
113a.jpg,17.554712,78.165578,WC-      -R13-PWL-10,,,
114a.jpg,17.554482,78.165586,WC-      -R13-PWL-11,,,
115a.jpg,17.554258,78.165553,WC-      -R13-PWL-12,,,
116a.jpg,17.554321,78.165258,WC-      -R13-PWL-13,,,
117a.jpg,17.554366,78.165032,WC-      -R13-PWL-14,,,
118a.jpg,17.555306,78.165524,WC-      -R22-CPT-01,,,
119a.jpg,17.555396,78.165336,WC-      -R12-PNL-01,,, 
120a.jpg,17.555629,78.165169,WC-      -R12-PWL-02,,,
121a.jpg,17.555898,78.165393,WC-      -R12-PWL-03,,,
122a.jpg,17.555899,78.165139,WC-      -R12-PWL-04,,,
123a.jpg,17.555911,78.165103,WC-      -R12-PWL-05,,,
124a.jpg,17.555909,78.164829,WC-      -R12-PWL-06,,,
125a.jpg,17.556082,78.165328,WC-      -R12-PWL-07,,,
126a.jpg,17.556084,78.165094,WC-      -R12-PWL-08,,,
127a.jpg,17.556288,78.164978,WC-      -R12-PWL-09,,,
128a.jpg,17.556491,78.164913,WC-      -R12-PWL-10,,,
129a.jpg,17.556675,78.164917,WC-      -R12-CPM-11,,,
130a.jpg,17.557032,78.164904,WC-      -R12-PWL-12,,,
131a.jpg,17.557455,78.165231,WC-      -R23-CPM-01,,,
132a.jpg,17.5574,78.165584,WC-      -R23-PWL-02,,,
133a.jpg,17.557371,78.16579,WC-      -R23-PWL-03,,,
134a.jpg,17.557344,78.166156,WC-      -R23-PWL-04,,,
135a.jpg,17.557299,78.166465,WC-      -R23-PWL-05,,,
136a.jpg,17.5572,78.166812,WC-      -R23-PWL-06,,,
137a.jpg,17.557147,78.167083,WC-      -R23-PWL-07,,,
138a.jpg,17.556924,78.166742,WC-      -R23-PWL-08,,,
139a.jpg,17.556638,78.16671,WC-      -R23-PWL-09,,,
140a.jpg,17.556289,78.166612,WC-      -R23-PWL-10,,,
141a.jpg,17.555895,78.166504,WC-      -R23-PWL-11,,,
142a.jpg,17.55586,78.166148,WC-      -R23-PWL-12,,,
143a.jpg,17.556382,78.165955,WC-      -R23-PWL-13,,,
144a.jpg,17.556569,78.165984,WC-      -R23-PWL-14,,,
145a.jpg,17.556842,78.166028,WC-      -R23-PWL-15,,,
146a.jpg,17.557079,78.166105,WC-      -R23-PWL-16,,,
147a.jpg,17.559315,78.165468,VC-       -R04-CPT-01,,,
148a.jpg,17.559303,78.165431,VC-       -R04-PNL-01,,,
149a.jpg,17.559545,78.165539,VC-       -R04-PWL-02,,,
150a.jpg,17.559563,78.165782,VC-       -R04-PWL-03,,,
151a.jpg,17.559558,78.165964,VC-       -R04-PWL-04,,,
152a.jpg,17.559811,78.165474,VC-       -R04-PWL-05,,,
153a.jpg,17.560135,78.166017,VC-       -R04-PWL-06,,,
154a.jpg,17.560181,78.165602,VC-       -R04-PWL-07,,,
155a.jpg,17.560261,78.165562,VC-       -R04-PWL-08,,,
156a.jpg,17.560306,78.165339,VC-       -R04-PNL-09,,,
157a.jpg,17.560394,78.165093,VC-       -R04-PNL-10,,,
158a.jpg,17.560193,78.164819,VC-       -,,,
159a.jpg,17.560327,78.164829,VC-S01-R04-PWL-11,,,
160a.jpg,17.560482,78.164834,VC-S01-R04-PWL-12,,,
161a.jpg,17.560662,78.164815,VC-S01-R04-PWL-13,,,
162a.jpg,17.560828,78.164825,VC-S01-R04-PWL-14,,,
163a.jpg,17.561079,78.164812,VC-S01-R04-PWL-15,,,
164a.jpg,17.56151,78.164781,VC-S01-R04-PWL-16,,,
165a.jpg,17.561857,78.164814,VC-S01-R04-PWL-17,,,
166a.jpg,17.562054,78.164779,VC-S01-R04-PWL-18,,,
167a.jpg,17.56233,78.164797,VC-S01-R04-PWL-19,,,
168a.jpg,17.562475,78.164769,VC-S01-R04-PWL-20,,,
169a.jpg,17.56075,78.16506,VC-S01-R04-PWL-21,,,
170a.jpg,17.560624,78.165333,VC-S01-R04-PWL-22,,,
171a.jpg,17.560479,78.165683,VC-S01-R04-PWL-23,,,
172a.jpg,17.560853,78.165833,VC-S01-R04-PWL-24,,,
173a.jpg,17.560824,78.166374,VC-S01-R04-PWL-25,,,
174a.jpg,17.560878,78.166235,VC-S01-R04-PWL-26,,,
175a.jpg,17.560969,78.165921,VC-S01-R04-PWL-27,,,
176a.jpg,17.561208,78.166011,VC-S01-R04-PWL-28,,,
177a.jpg,17.561425,78.166031,VC-S01-R04-PWL-29,,,
178a.jpg,17.561297,78.165785,VC-      -R0-PWL-01,,,
179a.jpg,17.561398,78.165527,VC-      -R0-PWL-02,,,
180a.jpg,17.56159,78.165781,VC-      -R0-PWL-03,,,
181a.jpg,17.561948,78.165803,VC-      -R0-PWL-04,,,
182a.jpg,17.562192,78.165788,VC-      -R0-PWL-05,,,
183a.jpg,17.562394,78.165863,VC-      -R0-PWL-06,,,
184a.jpg,17.562615,78.165894,VC-      -R0-PWL-07,,,
185a.jpg,17.562086,78.165728,VC-      -R0-PWL-08,,,
186a.jpg,17.562073,78.165529,VC-      -R0-PWL-09,,,
187a.jpg,17.561365,78.167227,VC-       -R03-PWL-01,,,
188a.jpg,17.561417,78.166852,VC-       -R03-PWL-02,,,
189a.jpg,17.561738,78.166889,VC-       -R03-PWL-03,,,
190a.jpg,17.56189,78.166862,VC-       -R03-PWL-04,,,
191a.jpg,17.561495,78.166512,VC-       -R03-PWL-05,,,
192a.jpg,17.561544,78.166248,VC-       -R24-CPT-01,,,
193a.jpg,17.561545,78.166216,VC-       -R03-PWL-06,,,
194a.jpg,17.561794,78.166395,VC-       -R03-PWL-07,,,
195a.jpg,17.561796,78.166245,VC-       -R03-PWL-08,,,
196a.jpg,17.562171,78.166326,VC-       -R03-PWL-09,,,
197a.jpg,17.562055,78.166656,VC-       -R03-PWL-10,,,
198a.jpg,17.562239,78.166626,VC-       -R03-PWL-11,,,
199a.jpg,17.562465,78.166664,VC-       -R03-PWL-12,,,
200a.jpg,17.562708,78.166692,VC-       -R03-PWL-13,,,
201a.jpg,17.562637,78.16613,VC-       -R03-PWL-14,,,
202a.jpg,17.562607,78.166406,VC-       -R03-PWL-15,,,
203a.jpg,17.562796,78.166468,VC-       -R03-PWL-16,,,
204a.jpg,17.562854,78.166247,VC-       -R03-PWL-17,,,
205a.jpg,17.562867,78.166006,VC-       -R03-PWL-18,,,
206a.jpg,17.56298,78.166472,VC-       -R03-PWL-19,,,
207a.jpg,17.56309,78.1665,VC-       -R03-PWL-20,,,
208a.jpg,17.563138,78.166342,VC-       -R03-PWL-21,,,
209a.jpg,17.563205,78.166004,VC-       -R03-PWL-22,,,
210a.jpg,17.563238,78.166484,VC-       -R03-PWL-23,,,
211a.jpg,17.563427,78166543,VC-       -R03-PWL-24,,,
212a.jpg,17.563382,78.167031,VC-       -R01-PWL-01,,,
213a.jpg,17.563339,78.167268,VC-       -R01-PWL-02,,,
214a.jpg,17.563286,78.167451,VC-       -R01-PWL-03,,,
215a.jpg,17.563122,78.167387,VC-       -R01-PWL-04,,,
216a.jpg,17.562993,78.167442,VC-       -R01-CPT,IMAX,,
217a.jpg,17.562984,78.167437,VC-       -R01-PWL-05,,,
218a.jpg,17.562952,78.16712,VC-       -R01-PWL-06,,,
219a.jpg,17.562982,78.166884,VC-       -R01-PWL-07,,,
220a.jpg,17.562725,78.167384,VC-       -R01-PWL-08,,,
221a.jpg,17.562379,78.167309,VC-       -R01-PWL-09,,,
222a.jpg,17.562476,78.167062,VC-       -R01-PWL-10,,,
223a.jpg,17.562261,78.166975,VC-       -R01-PWL-11,,,
224a.jpg,17.561922,78.167191,VC-        -R25-PWL-01,,,
225a.jpg,17.561878,78.167292,VC-        -R25-PWL-02,,,
226a.jpg,17.561606,78.167267,VC-        -R25-PWL-03,,,
227a.jpg,17.561103,78.167193,VC-        -R25-PWL-04,,,
228a.jpg,17.561182,78.167172,VC-        -R25-PWL-05,,,
229a.jpg,17.561299,78.166957,VC-        -R25-PWL-06,,,
230a.jpg,17.561228,78.16678,VC-        -R25-PWL-07,,,
231a.jpg,17.560825,78.167173,VC-        -R25-CPM-08,,,
232a.jpg,17.56071,78.167478,VC-        -R25-PWL-09,,,
233a.jpg,17.560678,78.167085,VC-        -R25-PWL-10,,,
234a.jpg,17.56054,78.167048,VC-        -R25-PWL-11,,,
235a.jpg,17.560474,78.167312,VC-        -R25-PWL-12,,,
236a.jpg,17.560374,78.167549,VC-        -R25-PWL-13,,,
237a.jpg,17.560283,78.167766,VC-        -R25-PWL-14,,,
238a.jpg,17.560247,78.167951,VC-        -R25-PWL-15,,,
239a.jpg,17.559522,78.167832,VC-        -R26-PNL-01,,,
240a.jpg,17.559729,78.167868,VC-        -R26-PNL-02,,,
241a.jpg,17.559769,78.167938,VC-        -R26-PWL-03,,,
242a.jpg,17.559785,78.168246,VC-        -R26-PWL-04,,,
243a.jpg,17.559769,78.168366,VC-        -R26-PWL-05,,,
244a.jpg,17.55973,78.168448,VC-        -R26-PWL-06,,,
245a.jpg,17.559722,78.168438,VC-        -R26-PWL-07,,,
246a.jpg,17.559668,78.168573,VC-        -R26-PWL-08,,,
247a.jpg,17.55986,78.167944,VC-        -R26-PWL-09,,,
248a.jpg,17.56015,78.168071,VC-        -R26-PWL-10,,,
249a.jpg,17.560526,78.168221,VC-        -R26-PWL-11,,,
250a.jpg,17.560504,78.167986,VC-        -R26-PWL-12,,,
251a.jpg,17.560574,78.167785,VC-        -R26-PWL-13,,,
252a.jpg,17.560843,78.1683,VC-        -R26-PWL-14,,,
253a.jpg,17.560931,78.168045,VC-        -R26-PWL-15,,,
254a.jpg,17.561016,78.167802,VC-        -R26-PWL-16,,,
255a.jpg,17.561001,78.168389,VC-        -R26-PWL-17,,,
256a.jpg,17.561332,78.168161,VC-        -R26-PWL-18,,,
257a.jpg,17.56121,78.16848,VC-        -R26-PWL-19,,,
258a.jpg,17.561193,78.168494,VC-        -R00-CTP-01,,,
259a.jpg,17.561134,78.168789,VC-        -R26-PWL-20,,,
260a.jpg,17.561084,78.169129,VC-        -R26-CTM-21,,,
261a.jpg,17.561067,78.169173,VC-        -R26-PNL-22,,,
262a.jpg,17.560781,78.169136,VC-        -R26-PWL-23,,,
263a.jpg,17.560562,78.169063,VC-        -R26-PWL-24,,,
264a.jpg,17.561413,78.168592,VC-        -R26-PNL-25,,,
265a.jpg,17.561378,78.168947,VC-        -R26-PWL-26,,,
266a.jpg,17.561591,78.167867,VC-       -R02-PWL-01,,,
267a.jpg,17.561577,78.168194,VC-       -R02-PWL-02,,,
268a.jpg,17.56159,78.168424,VC-       -R02-PWL-03,,,
269a.jpg,17.556153,78.168627,VC-       -R02-PWL-04,,,
270a.jpg,17.561712,78.168682,VC-       -R02-PWL-05,,,
271a.jpg,17.561697,78.168849,VC-       -R02-PWL-06,,,
272a.jpg,17.561792,78.16863,VC-       -R02-PWL-07,,,
273a.jpg,17.561874,78.168332,VC-       -R02-PWL-08,,,
274a.jpg,17.561889,78.168109,VC-       -R02-PWL-09,,,
275a.jpg,17.562319,78.168595,VC-       -R02-PNL-10,,,
276a.jpg,17.562328,78.168975,VC-       -R02-PWL-11,,,
277a.jpg,17.562332,78.168547,VC-       -R00-CPT-01,,,
278a.jpg,17.562505,78.168597,VC-       -R02-PWL-12,,,
279a.jpg,17.562735,78.168611,VC-       -R02-PWL-13,,,
280a.jpg,17.562973,78.168618,VC-       -R02-CPT-14,,,
281a.jpg,17.563071,78.168332,VC-       -R02-PWL-15,,,
282a.jpg,17.563153,78.168089,VC-       -R02-PWL-16,,,
283a.jpg,17.562753,78.168324,VC-       -R02-PWL-17,,,
284a.jpg,17.562757,78.167996,VC-       -R02-PWL-18,,,
285a.jpg,17.56276,78.167829,VC-       -R02-PWL-19,,,
286a.jpg,17.562394,78.167678,VC-       -R02-PWL-20,,,
287a.jpg,17.562416,78.167803,VC-       -R02-PWL-21,,,
288a.jpg,17.562359,78.167969,VC-       -R02-PWL-22,,,
289a.jpg,17.562458,78.169056,VC-       -R02-PWL-23,,,
290a.jpg,17.562439,78.169169,VC-       -R02-PNL-24,,,
291a.jpg,17.562404,78.169444,VC-       -R02-PWL-25,,,
292a.jpg,17.562219,78.169184,VC-       -R02-PWL-26,,,
293a.jpg,17.562214,78.169488,VC-       -R02-PWL-27,,,
294a.jpg,17.556225,78.16969,VC-       -R02-PNL-28,,,
295a.jpg,17.562033,78.16979,VC-       -R02-PWL-29,,,
296a.jpg,17.561822,78.16989,VC-       -R02-PWL-30,,,
297a.jpg,17.561461,78.170068,VC-       -R02-PWL-31,,,
298a.jpg,17.561434,78.169821,VC-       -R02-PWL-32,,,
299a.jpg,17.561332,78.170487,VC-       -R02-PWL-33,,,
300a.jpg,17.561182,78.170834,VC-       -R02-PWL-34,,,
301a.jpg,17.56107,78.171122,VC-       -R02-PNL-35,,,
302a.jpg,17.56062,78.170963,VC-       -R02-PNL-36,,,
303a.jpg,17.560404,78.170872,VC-       -R02-PNL-37,,,
304a.jpg,17.560424,78.170488,VC-       -R02-PNL-38,,,
305a.jpg,17.56054,78.170172,VC-       -R02-PNL-39,,,
306a.jpg,17.560071,78.170714,VC-       -R02-PNL-40,,,
307a.jpg,17.559981,78.170681,VC-       -R02-PNL-41,,,
308a.jpg,17.560071,78.17036,VC-       -R02-PNL-42,,,
309a.jpg,17.560137,78.170167,VC-       -R02-PNL-43,,,
310a.jpg,17.559584,78.170609,VC-       -R02-PNL-44,,,
311a.jpg,17.561418,78.171247,VC-       -R02-PNL-45,,,
312a.jpg,17.561484,78.171239,VC-       -R02-PNL-46,,,
313a.jpg,17.561577,78.171041,VC-       -R02-PNL-47,,,
314a.jpg,17.561681,78.170778,VC-       -R02-PNL-48,,,
315a.jpg,17.561992,78.17101,VC-       -R02-PNL-49,,,
316a.jpg,17.562062,78.170835,VC-       -R02-PNL-50,,,
317a.jpg,17.562148,78.170639,VC-       -R02-PNL-51,,,
318a.jpg,17.562169,78.170608,VC-       -R00-CPT-01,,,
319a.jpg,17.562313,78.17022,VC-       -R02-PNL-52,,,
320a.jpg,17.562446,78.169847,VC-       -R02-PNL-53,,,
321a.jpg,17.562603,78.169552,VC-       -R02-PWL-54,,,
322a.jpg,17.562654,78.169411,VC-       -R02-PWL-55,,,
323a.jpg,17.562874,78.16907,VC-       -R02-PWL-56,,,
324a.jpg,17.562945,78.16887,VC-       -R02-PWL-57,,,
325a.jpg,17.562502,78.170147,,,,
326a.jpg,17.563441,78.167366,,,,
327a.jpg,17.563627,78.166698,VC-       -R27-PWL-01,,,
328a.jpg,17.563659,78.16659,VC-       -R27-PWL-02,,,
329a.jpg,17.563733,78.166343,VC-       -R27-PWL-03,,,
330a.jpg,17.563638,78.166139,VC-       -R27-PWL-04,,,
331a.jpg,17.563779,78.166072,VC-       -R27-PWL-05,,,
332a.jpg,17.563696,78.165996,VC-       -R27-CPT-06,,,
333a.jpg,17.563429,78.165923,VC-       -R27-PWL-07,,,
334a.jpg,17.563217,78.16585,VC-       -R27-PWL-08,,,
335a.jpg,17.563103,78.165551,VC-       -R27-PWL-09,,,
336a.jpg,17.562869,78.16553,VC-       -R27-PWL-10,,,
337a.jpg,17.562633,78.165546,VC-       -R27-PWL-11,,,
338a.jpg,17.563078,78.165213,VC-       -R27-PWL-12,,,
339a.jpg,17.563029,78.164886,VC-       -R05-PWL-01,,,
340a.jpg,17.563016,78.164655,VC-       -R05-CPL-02,,,
341a.jpg,17.562877,78.164759,VC-       -R05-PWL-03,,,
342a.jpg,17.56283,78.164924,VC-       -R05-PWL-04,,,
343a.jpg,17.562704,78.164738,VC-       -R05-PWL-05,,,
344a.jpg,17.562672,78.16498,VC-       -R05-PWL-06,,,
345a.jpg,17.562728,78.165247,VC-       -R05-PWL-07,,,
346a.jpg,17.563187,78.164755,VC-       -R05-PWL-08,,,
347a.jpg,17.56327,78.164636,VC-       -R05-PWL-09,,,
348a.jpg,17.563358,78.164356,VC-       -R05-PWL-10,,,
349a.jpg,17.56351,78.164013,VC-       -R05-PWL-11,,,
350a.jpg,17.563527,78.165026,VC-       -R05-PWL-12,,,
351a.jpg,17.56349,78.16464,VC-       -R05-PWL-13,,,
352a.jpg,17.563671,78.164657,VC-       -R05-PWL-14,,,
353a.jpg,17.56392,78.164757,VC-       -R05-PWL-15,,,
354a.jpg,17.56402,78.1644,VC-       -R05-PWL-16,,,
355a.jpg,17.563836,78.164322,VC-       -R05-PWL-17,,,
356a.jpg,17.563883,78.165046,VC-       -R05-PWL-18,,,
357a.jpg,17.56384,78.165388,VC-       -R05-PWL-19,,,
358a.jpg,17.563516,78.165283,VC-       -R05-PWL-20,,,
359a.jpg,17.563795,78.165918,VC-       -R05-PWL-21,,,